"WORKFLOWINSTANCEID,""PROCESSTYPE"",""PROCESSDOCUMENTID"",""STEPNAME"""
"3bbf1c86-6878-11f0-912a-eeee0a9ccae6,""PR"",""11235758"","
"b8c3faf2-926c-11f0-a1f7-eeee0a80b352,""PO"",""4500127202"","
"b165c087-a4ef-11f0-8b33-eeee0a8612b5,""PO"",""4500129157"","
"d3490938-df8c-4e4b-b283-2d714777dc2d,""PR"",""12738224"","
"1af6518a-3a88-4527-862b-cd74f75b9228,""PR"",""12792179"","
"93900070-e03a-4fdd-aaff-82d436d07b78,""PR"",""12792180"","
"dcd11985-78ca-40fb-a5b5-71a6f876bf1b,""PR"",""12792292"","
"ca82589b-eb33-47a3-9183-a8d18bc83045,""PR"",""12801414"","
"33194d21-8a16-4bbb-a250-9d1a9f63fb9e,""PR"",""12801834"","
"d686c83c-8811-41bf-9a29-226ab56df330,""PR"",""12801832"","
"8cb1763a-ca96-41ae-b94f-045d157fe233,""PR"",""12801882"","
"198a607d-6ae8-4c0f-897d-4850f06c368c,""PR"",""12801605"","
"19a15315-d1c4-4a5f-90bd-e29f03b39093,""PR"",""12801606"","
"36fc9edc-4406-45a0-9112-65b99fa9c786,""PR"",""12801886"","
"8e03e86d-1015-484d-ba19-e5f2017b2bb0,""PR"",""12801887"","
"2724a6df-a88d-40a2-9215-caefa7184d38,""PR"",""12801889"","
"73a73a84-afe3-4920-9f98-833cdb2489bc,""PR"",""12801890"","
"c1a4bd86-f85b-49a1-b15e-2697c1ef6564,""PR"",""12801891"","
"6da2bdca-85cd-4de2-9f8d-ebd5c71f9726,""PR"",""12801892"","
"4d09716c-e810-4c57-84aa-c50ba48a6699,""PO"",""4500136006"","
"c09940d8-34c8-40bd-ab8d-3c10475cd255,""PR"",""13054524"","
"d4d666ab-2a3f-4268-8ec7-b4bea6e55417,""PO"",""4500136850"","
"c284ea03-c842-4dde-a94a-2d66b251cd76,""PR"",""13169058"","
"cdc86934-565a-44f8-8d42-44ca0b3db185,""PR"",""13169037"","
"db70474f-f037-4d0b-a1fb-def1f16a8211,""PR"",""13169126"","
"dbbc787b-e11e-43ac-aaf6-fcf23c11c4dd,""PO"",""4500137521"","
"0224170a-3494-47f7-ba79-eb05a3491969,""PO"",""4500137531"","
"80379bb7-002f-4d40-bf3f-573ee46aa7d7,""PR"",""13238369"","
"3cc09ee1-5512-4b15-a26e-5951492df9d5,""PO"",""4500137556"","
"2447c8c5-28dd-4f8c-9297-002dc0b792bb,""PR"",""13238711"","
"8f283634-d85d-4759-801d-eb949e1ce02e,""PR"",""13240091"","
"8d140e45-0a76-4ed8-ac3b-e66a238e326d,""PR"",""13240126"","
"08b60394-e088-4b43-b65c-9c26e21f6f34,""PR"",""13242582"","
"fc8efddb-a779-4b5f-9915-69a9e18493e4,""PO"",""4500137746"","
"66e094a8-b75e-42a8-b7a1-fcb876581f09,""PO"",""4500137747"","
"1e6b36d7-37cb-4c55-80ca-458d0a35f3cc,""PR"",""13291986"","
"26dbab22-c863-40d4-8412-9e424cc53b84,""PR"",""13291943"","
"324185e1-dbc9-4bc0-a1b4-a2b392a10363,""PO"",""4500137755"","
"56ce72aa-1e81-4e1f-ab19-4365258d4ec6,""PO"",""4500137767"","
"48e32813-c033-451e-916a-d26b43073d73,""PO"",""4500137768"","
"ba2e4658-baab-40c5-8234-f0bc14eecb99,""PR"",""13291950"","
"8fcaa100-626c-4377-84ab-1ef9e5ddd888,""PR"",""13292302"","
"d1020ed8-c9f3-4857-90df-35269fbe0770,""PR"",""13292834"","
"a6b058c7-7cd6-4bde-8043-c3da4a4d9847,""PR"",""13292844"","
"d6a01564-e91c-4480-8579-f816e0cab71d,""PR"",""13292849"","
"5cde188a-7b5b-4c6f-9111-40e8e5522d54,""PO"",""4500137889"","
"813bb041-c7e2-4d46-b2ae-ccce1ee8acbf,""PO"",""4500137890"","
"bb1b89e0-2483-4a44-a6d9-da00a17bd3b2,""PO"",""4500137895"","
"7d457d1c-011d-41d7-88a3-a36edfa68849,""PO"",""4500137936"","
"f1008223-aae6-4b75-a666-cea2920ff1a9,""PO"",""4500137941"","
"49138256-c5b9-4106-b47b-226303106e67,""PR"",""13297568"","
"f3f63b62-6dfa-4e3a-9892-38dcd973cf92,""PR"",""13297569"","
"74d22baf-18c7-49bd-a429-ecd2f1f2ca8d,""PR"",""13297570"","
"2a452d33-1401-4d97-ad6a-dab3cca200cb,""PR"",""13297587"","
"3fe0446e-cab5-42da-9f5d-949edcfb8bf4,""PR"",""13297588"","
"0a5eff64-de5d-4d86-9011-90d0d123112e,""PR"",""13297589"","
"31823afa-7dde-49da-b7cb-4ef81cfc02a8,""PR"",""13297590"","
"72bcb99d-ae87-4158-8a04-1303ffd5fcbb,""PR"",""13297591"","
"21971231-2996-4797-bddf-240ae13cb732,""PR"",""13297592"","
"7447164f-1df0-480b-bcb9-55d45ba19b42,""PR"",""13297594"","
"53ff62e0-bb25-495f-8fdb-136b25c3be50,""PO"",""4500137961"","
"ad4031d3-e2bd-4b15-a4a5-4586f87552d9,""PO"",""4500137965"","
"68c421a1-57e6-4f0a-ab89-323fc27048f1,""PO"",""4500137969"","
"3a43235b-c2e6-423c-b39b-60e9fbec13ed,""PR"",""13336478"","
"970f645a-3699-4daa-bb1a-6a062b274a7b,""PR"",""13336479"","
"dc848b08-8bc2-423d-bd41-db2d1fcecbe3,""PO"",""4500137973"","
"719eeb15-6edc-4e19-8c4c-d133df452b1e,""PO"",""4500137976"","
"2a5129c7-2865-4e0c-9e35-080c6735e5c4,""PO"",""4500137977"","
"da812480-bd73-40a0-90c5-ed5c18a8525f,""PO"",""4500137978"","
"8b0dfad3-b269-4c43-9d6f-bb8f67f09106,""PR"",""13336535"","
"0d7be776-cd1d-4911-987f-d8214ba5060b,""PR"",""13336536"","
"179d02e0-5dc2-4263-899c-ffc4f8150017,""PR"",""13336537"","
"62cac04c-b194-4c62-b7a5-ed3126325097,""PR"",""13336538"","
"9a2beabb-c872-4294-b322-1ed9d3168777,""PR"",""13336539"","
"6862d395-9ce0-4f02-9b5c-7797bbef2889,""PO"",""4500137980"","
"b2ff67b0-2d6c-4e32-a862-153a8e91b378,""PR"",""13336553"","
"1b2c40d0-751e-40cf-9c04-a9d2a525cab0,""PR"",""13336575"","
"777c14ac-bf61-487a-9ba5-4fd383bf082b,""PO"",""4500137994"","
"5e23598b-ed69-4bc8-bbbe-ff4c3d06e46c,""PR"",""13336585"","
"061e919a-50a3-487c-b533-0b8d5c66fd8d,""PR"",""13336595"","
"8dbe2693-6766-404f-a019-5eb7c69d1600,""PR"",""13336579"","
"78f14a7e-ecd7-448f-8a1a-0d010e20ed0b,""PR"",""13336834"","
"d0e09c22-f1eb-4662-b03c-ac7426011bc8,""PO"",""4500138055"","
"ef70e37a-b3ec-49bf-a146-16ec053cf7b4,""PO"",""4500138063"","
"a5bd8396-5a21-481a-becc-d151d167c52d,""PO"",""4500138071"","
"bc844d23-ce36-4748-baa2-dcb40493cf22,""PO"",""4500138073"","
"30417112-206e-46e8-bedc-761ea26912d3,""PO"",""4500138078"","
"279d387f-8b1e-42a9-929c-0b3a9045b90b,""PO"",""4500138079"","
"04e4f59a-543d-41e9-a174-df4aaa142861,""PO"",""4500138086"","
"eecaae6a-1858-412d-abda-70a0b1be2e4c,""PO"",""4500138094"","
"532c3933-1e6f-4362-8cd9-68c5e95eb788,""PO"",""4500138098"","
"6d5acf14-c544-4a2a-8953-d6c053d0b782,""PO"",""4500138101"","
"4c31ba0e-13cb-46ca-aa6c-e573ededac11,""PO"",""4500138107"","
"13066555-5f69-4a7a-8b35-76593aa7b355,""PR"",""13341706"","
"8496833e-e668-49cb-8003-ad30b6b096d6,""PR"",""13341707"","
"3a5b9f79-d3d1-4472-95b7-a3ea0450f705,""PR"",""13341708"","
"7bfbf624-2519-4dc2-b739-f6677a089df3,""PR"",""13341713"","
"bbba559b-f42f-45c6-ae83-a4daaab5d2d7,""PR"",""13341714"","
"e406c4f5-c365-43d6-85e3-0f7e68d8ece7,""PR"",""13341715"","
"82343b20-1e60-45ce-922a-f45a094c9d67,""PO"",""4500138115"","
"66f3df30-8b50-485b-8732-dca84c1c9305,""PR"",""13341720"","
"5c53da47-1821-4739-ac4f-792b63eb9cd7,""PR"",""13341721"","
"76ec262f-055e-4475-bce0-de628300230c,""PR"",""13341722"","
"b032edc7-321d-4184-a437-afcfdb2ec57b,""PR"",""13341723"","
"8bd40e6f-19f4-48fb-8f30-8383c9dfabe8,""PR"",""13341724"","
"36b880d7-8ea5-4c1d-a0f4-8a09dc351c4d,""PR"",""13341725"","
"ef2fac97-7138-4ac4-b903-375dd455874e,""PO"",""4500138126"","
"5115e5ca-fe0e-47d1-a543-eec29aadf888,""PR"",""13341727"","
"7bbf25b5-8afd-4413-9c47-7ce2ce9fe62a,""PR"",""13341728"","
"4d396950-fe09-44b5-9297-1b703b911178,""PR"",""13341730"","
"a1b9593e-b91c-43b7-aff6-0cf19a39ee61,""PR"",""13341731"","
"55683997-6572-400b-a464-674cb16f49ea,""PO"",""4500138143"","
"f147aaae-ea04-4e5f-9db4-5961f0583c22,""PR"",""13341732"","
"58f8806a-fc9e-456b-acd1-595982a9d616,""PR"",""13341733"","
"1dd58d45-0329-4e79-92a8-7660f4d7aaec,""PR"",""13341734"","
"5be8dfe2-a54a-44e9-a8d9-5c77cf158867,""PR"",""13341735"","
"3442dc5f-9b12-489d-8518-37b27a3f87ff,""PR"",""13341736"","
"1a6f6383-020f-4a44-8b91-f3e928181e96,""PR"",""13341737"","
"aef6642e-b9c2-42d9-8825-a3f891feebe0,""PO"",""4500138160"","
"052baaf4-f90d-445b-8a06-9abefc71563d,""PR"",""13341738"","
"9d45e0ba-0fad-487c-8ddc-c6773c050b05,""PR"",""13341739"","
"2c1383ce-3885-42ed-9c42-7b2da7afbba6,""PO"",""4500138164"","
"206c396c-f6ad-4277-b5ed-3f3998cdc20e,""PR"",""13341740"","
"9f9674f6-ed9d-4ade-bf11-30eeb1816b48,""PO"",""4500138168"","
"68fa4ccf-e539-40d6-aed1-d137cf5a029e,""PO"",""4500138181"","
"534f7a83-96b3-4002-a5bc-cecb401e7e17,""PR"",""13341775"","
"7b8c070c-9a4c-4668-b222-f4133eb7f270,""PO"",""4500138188"","
"6f00ac6d-964a-408d-aa76-54f41dcd5121,""PO"",""4500138191"","
"31122134-9f59-453d-91d7-3d427db9b638,""PR"",""13341757"","
"a37252be-2ce3-4166-b0ac-73a161de1535,""PO"",""4500138198"","
"e13535b4-0e6e-4d1f-94f8-e52b1d50666e,""PR"",""13341758"","
"7163ea03-600c-49ca-b91a-f0249220d109,""PO"",""4500138210"","
"62b01c09-f8bc-43c2-8ed5-529a26fc2328,""PO"",""4500138227"","
"ce277f96-99e0-45fb-becd-9ac0352480af,""PO"",""4500138260"","
"100bd316-5ba7-4b1e-8a34-30bfdc75a780,""PO"",""4500138290"","
"7d129c54-ab55-4227-a5e8-ba60710e01e9,""PO"",""4500138294"","
"d95bd2d6-b17f-4a1b-b2b7-7867afc54f38,""PO"",""4500138295"","
"8a59f9fb-adc0-4887-8560-c767edd11740,""PO"",""4500138297"","
"7586410e-843b-4ce4-a2ca-6e16bc143209,""PO"",""4500138299"","
"c39ec2b7-1d17-421d-8ebe-884a440fd7b3,""PO"",""4500138301"","
"7a210eb4-36a0-4485-b80e-9e382955be0d,""PO"",""4500138317"","
"187515c9-658e-4b2f-bce0-4a66cbe8a02d,""PR"",""13341841"","
"f1b22236-961b-4a5a-8271-a72a21e079b8,""PO"",""4500138318"","
"632a20ff-fa24-41ea-b017-2f0b95dfec06,""PR"",""13341792"","
"a3bbec1d-eec2-49be-b708-6cf092e95cbd,""PO"",""4500138320"","
"584bc5b0-240d-47b0-912a-b481cb01b6ff,""PR"",""13341793"","
"12ff22ac-de47-4e6f-a319-a006db13544f,""PR"",""13341794"","
"d5655f0d-d200-4308-ae9a-de3139dac446,""PO"",""4500138366"","
"bd96f898-f8b8-420a-aaf4-2db06997354f,""PO"",""4500138369"","
"0c02a20f-5992-452f-8817-9a652408ed96,""PO"",""4500138370"","
"5a70aded-49e9-4f67-a083-62e45359e8cc,""PO"",""4500138373"","
"0ff6a403-6a0c-4c6e-9a6f-74326cd6364a,""PO"",""4500138376"","
"0d10ece4-660d-4ccb-b18c-80039976e5ed,""PO"",""4500138379"","
"bfa65a97-413c-48f7-b3cb-91a6f242bba0,""PO"",""4500138382"","
"7fe2f60f-7462-4014-abf9-63df92a2e551,""PO"",""4500138392"","
"8612fe83-7633-402a-a466-1ef469a7dc83,""PO"",""4500138394"","
"d700e8cd-2955-4509-8ff8-6c6e44ee4e1c,""PO"",""4500138395"","
"e1f91d28-17e5-4b2a-a2bc-41c1b39ba131,""PO"",""4500138396"","
"c652deee-1045-4ce6-9d4a-fae88ebc90de,""PO"",""4500138397"","
"c1b947ca-fc7f-45aa-a1b4-83d6a0c4975a,""PO"",""4500138398"","
"b54314e4-5d10-4b23-90a4-98806830799e,""PO"",""4500138399"","
"ace1a144-ec85-48de-a36d-750b5edaee31,""PO"",""4500138400"","
"d04e79b8-6f64-4a21-93b6-e17ec8825491,""PO"",""4500138402"","
"8a67f35d-12cf-49b2-809d-0c45f834a750,""PO"",""4500138403"","
"d09e2c4d-3714-4ad8-b4cc-d5e1940c8704,""PO"",""4500138405"","
"7bedcaa0-b8f7-4729-b78a-028099acb12c,""PR"",""13377975"","
"615109e7-426e-4a89-abd7-469b5ce747df,""PR"",""13378042"","
"0555e27f-acaa-4616-972a-860eb3f160fb,""PR"",""13378043"","
"81bc57e0-c685-4479-8f60-40b5cfee441b,""PR"",""13378044"","
"33924887-abf6-4da3-922c-4531bff4434b,""PR"",""13378045"","
"853ae56a-1ce8-45fb-8b74-6c0b2760960e,""PR"",""13378046"","
"e66d5632-67cd-4a11-ac71-7356634b4ee9,""PR"",""13378047"","
"d2188be8-d8d2-4bf6-b141-bf091cdac303,""PR"",""13378050"","
"3cab588e-ab90-4be6-9d32-8e5b9733ead3,""PR"",""13378173"","
"f8effc3a-22a0-4538-912e-c7e0bc30f724,""PR"",""13378192"","
"a4d09575-1aaa-46c1-ad8a-4ec112b5f2bd,""PR"",""13378193"","
"9ce20068-58f8-4334-a6c9-f353b65ff686,""PO"",""4500138479"","
"3383ca45-7f7f-4346-b4b7-d7c4361362ee,""PR"",""13378371"","
"3d5132c8-e44b-4609-937e-043996c0cbc1,""PR"",""13378199"","
"f1ada9ef-3529-4b58-975c-72e4b857ece5,""PO"",""4500138568"","
"21f19cc3-5e99-444e-89b4-51d57f217169,""PO"",""4500138570"","
"a1d43490-e8d0-4958-90b6-1f3c333f5aea,""PO"",""4500138574"","
"0c52a3b8-015e-414c-a914-b5df4983711f,""PO"",""4500138576"","
"7f45cf98-0f8f-4b63-adab-12ad0d7ee96d,""PO"",""4500138585"","
"0782993b-422c-495c-8f8d-6e589133945b,""PO"",""4500138586"","
"cb286e3d-a429-4b10-992b-3d81d9b2ffad,""PO"",""4500138589"","
"5495327a-de10-467c-b9de-1dffaf23e411,""PO"",""4500138591"","
"8fd158f6-f42c-4599-bcaf-b0790befb985,""PR"",""13378425"","
